{
    "ticker": "PAXG",
    "timestamp": "2025-09-29T08:00:54.891932",
    "market_data": {
        "mid_price": 3682.01,
        "sigma": 0.00011401308337998198,
        "A": 0.163927579589287,
        "k": 31.066496563736195
    },
    "optimal_parameters": {
        "gamma": 0.1
    },
    "current_state": {
        "time_remaining": 0.5,
        "inventory": 1,
        "minutes_window": 10,
        "hours_window": 0.16666666666666666,
        "ma_window": 3
    },
    "calculated_values": {
        "reservation_price": 3682.0099999993504,
        "gap": 6.498339644167572e-10,
        "spread_base": 0.06427464407739182,
        "half_spread": 0.03213732203869591
    },
    "limit_orders": {
        "ask_price": 3682.042137320739,
        "bid_price": 3681.977862676662,
        "delta_a": 0.032137321388861946,
        "delta_b": 0.032137322688529875,
        "delta_a_percent": 0.0008728200463567981,
        "delta_b_percent": 0.0008728200816545819
    }
}