{"ticker": "BTC", "timestamp": "2025-09-19T22:32:05.555413", "market_data": {"mid_price": 115421.0, "sigma": 0.010108664664534384, "A": 0.15080144139315188, "k": 3.1446631960137836e-05}, "optimal_parameters": {"gamma": 0.025756666666666664}, "current_state": {"time_remaining": 0.5, "inventory": 1, "hours_window": 4, "ma_window": 3}, "calculated_values": {"reservation_price": 115420.99999868403, "gap": 1.3159733498468995e-06, "spread_base": 520.9817837174063, "half_spread": 260.49089185870315}, "limit_orders": {"ask_price": 115681.49088922676, "bid_price": 115160.50910550935, "delta_a": 260.4908905427298, "delta_b": 260.4908931746765, "delta_a_percent": 0.22568760497892912, "delta_b_percent": 0.22568760725923057}}