{"ticker": "PAXG", "timestamp": "2025-09-19T20:34:20.156173", "market_data": {"mid_price": 3690.285, "sigma": 0.013928398946670343, "A": 0.05556965752531784, "k": 0.11322755263342112}, "optimal_parameters": {"gamma": 1.9170433333333332}, "current_state": {"time_remaining": 0.5, "inventory": 1, "hours_window": 4, "ma_window": 3}, "calculated_values": {"reservation_price": 3690.2848140465117, "gap": 0.00018595348819872015, "spread_base": 3.0116201973900782, "half_spread": 1.5058100986950391}, "limit_orders": {"ask_price": 3691.7904381917183, "bid_price": 3688.7788179943286, "delta_a": 1.5056241452068404, "delta_b": 1.5059960521832378, "delta_a_percent": 0.04079967116921431, "delta_b_percent": 0.040809749170680254}}