{
    "best_parameters": {
        "atr_period": 20,
        "atr_multiplier": 8.400000000000002
    },
    "backtest_performance": {
        "sharpe_ratio": -0.08605979385896105,
        "cumulative_return_pct": -0.7603263699081597,
        "trades": 30
    },
    "current_signal": {
        "trend": 1,
        "interval": "1m",
        "timestamp_utc": "2025-09-26T06:56:00"
    }
}